{"stats":{"minecraft:killed_by":{"alexsmobs:grizzly_bear":1},"minecraft:custom":{"minecraft:jump":84,"minecraft:time_since_rest":2927,"minecraft:damage_dealt":10,"minecraft:deaths":1,"minecraft:play_time":5552,"minecraft:damage_taken":470,"minecraft:time_since_death":2881,"minecraft:walk_one_cm":19063,"minecraft:total_world_time":5552,"minecraft:fall_one_cm":4644,"minecraft:fly_one_cm":502},"minecraft:used":{"alexsmobs:animal_dictionary":1},"minecraft:picked_up":{"biomesoplenty:dead_log":5},"minecraft:mined":{"biomesoplenty:dead_leaves":1,"biomesoplenty:dead_log":5,"minecraft:dirt":1}},"DataVersion":3465}