{"stats":{"minecraft:killed_by":{"alexsmobs:grizzly_bear":1},"minecraft:custom":{"minecraft:jump":43,"minecraft:time_since_rest":2473,"minecraft:damage_dealt":16,"minecraft:damage_taken":430,"minecraft:leave_game":2,"minecraft:play_time":4955,"minecraft:sprint_one_cm":2223,"minecraft:time_since_death":2443,"minecraft:walk_one_cm":18345,"minecraft:deaths":1,"minecraft:sneak_time":6,"minecraft:total_world_time":4955,"minecraft:fall_one_cm":3193,"minecraft:fly_one_cm":975},"minecraft:used":{"alexsmobs:animal_dictionary":1},"minecraft:picked_up":{"minecraft:wheat_seeds":1,"minecraft:dirt":1,"biomesoplenty:dead_log":4},"minecraft:crafted":{"biomesoplenty:dead_planks":8},"minecraft:mined":{"minecraft:grass_block":1,"minecraft:grass":1,"biomesoplenty:dead_log":4}},"DataVersion":3465}