{"stats":{"minecraft:killed_by":{"alexsmobs:grizzly_bear":2},"minecraft:custom":{"minecraft:time_since_rest":3402,"minecraft:crouch_one_cm":143,"minecraft:play_time":5960,"minecraft:sprint_one_cm":20862,"minecraft:walk_one_cm":9121,"minecraft:damage_taken":590,"minecraft:deaths":2,"minecraft:sneak_time":128,"minecraft:drop":2,"minecraft:jump":152,"minecraft:damage_dealt":25,"minecraft:time_since_death":3371,"minecraft:total_world_time":5960,"minecraft:fall_one_cm":4975,"minecraft:fly_one_cm":73718},"minecraft:used":{"minecraft:dirt":1,"alexsmobs:animal_dictionary":1,"minecraft:wither_rose":4},"minecraft:picked_up":{"minecraft:wither_rose":4,"alexsmobs:animal_dictionary":1,"minecraft:dirt":1},"minecraft:mined":{"minecraft:grass":2,"minecraft:grass_block":1,"biomesoplenty:umbran_leaves":4,"minecraft:wither_rose":4},"minecraft:dropped":{"alexsmobs:animal_dictionary":2}},"DataVersion":3465}