{
  "minecraft:recipes/decorations/crafting_table": {
    "criteria": {
      "unlock_right_away": "2024-07-05 06:32:26 +0000"
    },
    "done": true
  },
  "biomesoplenty:biomesoplenty/all_biomes": {
    "criteria": {
      "seasonal_orchard": "2024-07-05 06:32:27 +0000"
    },
    "done": false
  },
  "biomesoplenty:biomesoplenty/root": {
    "criteria": {
      "seasonal_orchard": "2024-07-05 06:32:27 +0000"
    },
    "done": true
  },
  "minecraft:adventure/adventuring_time": {
    "criteria": {
      "minecraft:beach": "2024-07-05 06:32:56 +0000",
      "minecraft:cold_ocean": "2024-07-05 06:33:00 +0000",
      "minecraft:plains": "2024-07-05 06:33:11 +0000"
    },
    "done": false
  },
  "DataVersion": 3465
}